,id,premise,hypothesis,correct_label,explanation_original,prediction_1_score,Correct explanation_1?,explanation-label_original,prediction_2_score,Correct explanation_2? ,explanation_custom,prediction_3_score,Correct explanation_3?,explanation-label_custom,prediction_4_score,Correct explanation_4? ,explanation-original_neural_score,explanation-original_rouge_1_max,explanation-original_rouge_2_max,explanation-original_rouge_L_max,label-explanation-original_neural_score,label-explanation-original_rouge_1_max,label-explanation-original_rouge_2_max,label-explanation-original_rouge_L_max,label-explanation-original_correct_label?,label-explanation-original_label_difference,explanation-custom_neural_score,explanation-custom_rouge_1_max,explanation-custom_rouge_2_max,explanation-custom_rouge_L_max,label-explanation-custom_neural_score,label-explanation-custom_rouge_1_max,label-explanation-custom_rouge_2_max,label-explanation-custom_rouge_L_max,label-explanation-custom_correct_label?,label-explanation-custom_label_difference,
7459,259,A person in orange clothing rests above a metro entrance.,A person is waiting for a train.,neutral,Just because a person rests above a metro entrance does not mean they are waiting for a train.,2,1,neutral: Resting above a metro entrance does not imply waiting for a train.,2,1,Resting above a metro entrance does not imply waiting for a train.,2,1,neutral: Resting above a metro entrance does not imply waiting for a train.,2,1,0.162237186,0.705882353,0.5625,0.705882353,0.16866266,0.72,0.608695652,0.72,TRUE," predicted: neutral, target: neutral",0.240506238,0.75,0.636363636,0.75,0.168662599,0.72,0.608695652,0.72,TRUE," predicted: neutral, target: neutral",
6326,602,The little boy gets ready to kick the soccer ball.,the boy is sleeping at home,contradiction,The boy cannot be sleeping and getting ready to kick the soccer ball at the same time.,5,1,contradiction: The boy cannot be sleeping and getting ready to kick the soccer ball at the same time.,5,1,The boy cannot kick the soccer ball and be sleeping at home at the same time.,4,1,contradiction: The boy cannot kick the soccer ball and be sleeping at the same time.,4,1,0.138842453,0.689655172,0.466666667,0.625,0.127145403,0.666666667,0.451612903,0.606060606,TRUE," predicted: contradiction, target: contradiction",0.200840991,0.785714286,0.384615385,0.642857143,0.138306763,0.740740741,0.32,0.592592593,TRUE," predicted: contradiction, target: contradiction",
7302,1122,Kids play in water coming up in streams out of a tiled floor with an image of a large rose on it.,Kids are playing in water.,entailment,Kids are playing in water is a rephrasing of kids play in water coming up in streams out of a tiled floor with an image of a large rose on it.,1,1,entailment: Kids are playing in water is a rephrasing of kids play in water coming up in streams out of a tiled floor with an image of a large rose on it.,1,1,Playing in water is a rephrasing of play in water coming up in streams out of a tiled floor with an image of a large rose on it.,1,1,entailment: Kids are playing in water is a rephrasing of kids play in water coming up in streams out of a tiled floor with an image of a large rose on it.,1,1,0.16187558,0.708333333,0.652173913,0.5,0.161489001,0.693877551,0.638297872,0.489795918,TRUE," predicted: entailment, target: entailment",0.089546072,0.622222222,0.511627907,0.444444444,0.161489001,0.693877551,0.638297872,0.489795918,TRUE," predicted: entailment, target: entailment",
7113,1127,A woman with short blond-hair rises from a chair as another woman in a burgundy shirt laughs.,A woman is getting ready to box,neutral,Just because a woman rises from a chair does not mean she is getting ready to box.,3,1,neutral: A woman with short blond-hair rises from a chair as another woman in a burgundy shirt laughs does not indicate that she is getting ready to box,2,1,A woman with short blond-hair rises from a chair as another woman in a burgundy shirt laughs does not indicate that she is getting ready to box,2,1,contradiction: A woman who rises from a chair is not getting ready to box.,1,0,0.217230771,0.685714286,0.484848485,0.685714286,0.153773503,0.814814815,0.692307692,0.814814815,TRUE," predicted: neutral, target: neutral",0.160417768,0.830188679,0.705882353,0.830188679,0.127004521,0.5625,0.4,0.5625,FALSE," predicted: contradiction, target: neutral",
7409,1155,Man in red jacket is opening the door while holding his car keys.,The man was holding the door for his girlfreind,neutral,Just because the man is opening the door does not mean he is holding the door for his girlfreind.,5,1,neutral: Just because a man is opening the door while holding his car keys does not mean he is holding the door for his girlfreind.,5,1,Just because the man is opening the door does not mean he is holding the door for his girlfreind.,5,1,neutral: Just because the man is opening the door does not mean he is holding the door for his girlfreind.,5,1,0.241614839,0.685714286,0.52,0.685714286,0.166150909,0.793103448,0.75,0.793103448,TRUE," predicted: neutral, target: neutral",0.241614782,0.685714286,0.52,0.685714286,0.232763676,0.666666667,0.509803922,0.666666667,TRUE," predicted: neutral, target: neutral",
9036,1228,A young man holds a hammer shaped object in the air with one hand and a similar shaped object in the other while making a funny expression.,A person is holding a tool.,entailment,"A young man is a person, and a hammer is a tool.",3,1,entailment: A hammer is a tool.,3,1,"A young man is a person, and a hammer is a tool.",3,1,"entailment: A young man is a person, and a hammer is a tool.",3,1,0.360600922,0.909090909,0.7,0.909090909,0.278592072,0.909090909,0.888888889,0.909090909,TRUE," predicted: entailment, target: entailment",0.360600922,0.909090909,0.7,0.909090909,0.299750047,0.869565217,0.666666667,0.869565217,TRUE," predicted: entailment, target: entailment",
5170,1292,The pitcher is pitching the ball in a game of baseball.,The pitcher throws the ball.,entailment,The pitcher is pitching the ball is a rephrasing of the pitcher throws the ball.,5,1,entailment: The pitcher is pitching the ball is a rephrasing of the pitcher throws the ball.,5,1,The pitcher throws the ball because he is pitching the ball.,4,1,entailment: Pitching the ball is a rephrasing of throws the ball.,5,1,0.097362539,0.685714286,0.424242424,0.628571429,0.098557132,0.666666667,0.411764706,0.611111111,TRUE," predicted: entailment, target: entailment",0.079731549,0.580645161,0.5,0.555555556,0.050329717,0.516129032,0.344827586,0.451612903,TRUE," predicted: entailment, target: entailment",
3583,1612,Bicyclist ride the course near the ocean as the day comes to an end.,The cyclist was riding in the morning.,contradiction,The cyclist cannot be riding in the morning and as the day comes to an end at the same time.,5,1,contradiction: The cyclist cannot be riding in the morning and as the day comes to an end at the same time.,5,1,The cyclist can't be riding in the morning and as the day comes to an end at the same time.,5,1,contradiction: The cyclist cannot be riding in the morning and as the day comes to an end at the same time.,5,1,0.06713727,0.580645161,0.413793103,0.529411765,0.069153274,0.5625,0.4,0.514285714,TRUE," predicted: contradiction, target: contradiction",0.064890626,0.5625,0.4,0.514285714,0.069153274,0.5625,0.4,0.514285714,TRUE," predicted: contradiction, target: contradiction",
1881,1865,Man chopping wood with an axe.,The man is outside.,entailment,A man chopping wood with an axe must be outside.,3,1,neutral: Just because a man is chopping wood with an axe does not mean he is outside.,1,0,A man chopping wood with an axe must be outside.,3,1,neutral: Just because a man is chopping wood with an axe does not mean he is outside.,1,0,0.08548715,0.5,0.333333333,0.428571429,0.042239806,0.285714286,0.105263158,0.285714286,FALSE," predicted: neutral, target: entailment",0.08548715,0.5,0.333333333,0.428571429,0.042239806,0.285714286,0.105263158,0.285714286,FALSE," predicted: neutral, target: entailment",
3915,2424,A guy gettin lots of air on a skateboard at a skatepark,A guy riding a skateboard.,entailment,Riding a skateboard is a rephrasing of gettin lots of air on a skateboard.,3,0,entailment: A guy getting lots of air on a skateboard is riding a skateboard.,5,1,A guy getting lots of air on a skateboard is riding a skateboard.,4,1,entailment: Getting lots of air on a skateboard implies riding a skateboard.,4,1,0.102656119,0.642857143,0.538461538,0.538461538,0.074794769,0.769230769,0.615384615,0.714285714,TRUE," predicted: entailment, target: entailment",0.062894766,0.8,0.64,0.740740741,0.127533009,0.846153846,0.75,0.846153846,TRUE," predicted: entailment, target: entailment",
117,2489,Cityscape with four men on bikes serving as the focal point of picture.,Local robbers escape after stealing an otter,contradiction,Four men on bikes are not the same as local robbers escaping after stealing an otter.,4,1,contradiction: Four men are not local robbers.,2,1,Four men on bikes serving as the focal point of picture is not the same as local robbers escape after stealing an otter.,4,1,contradiction: Four men on bikes are not the same as local robbers escaping after stealing an otter.,4,1,0.017801833,0.428571429,0.230769231,0.357142857,0.010769468,0.210526316,0.117647059,0.210526316,TRUE," predicted: contradiction, target: contradiction",0.045398365,0.685714286,0.424242424,0.5,0.017066062,0.413793103,0.222222222,0.344827586,TRUE," predicted: contradiction, target: contradiction",
6391,3043,"A man in a tie-dyed shirt and jeans is sitting on a bench with a dog and a guitar on his lap, as well as a harmonica near his mouth.",The street performer takes a break.,neutral,"A man in a tie-dyed shirt and jeans is sitting on a bench with a dog and a guitar on his lap, as well as a harmonica near his mouth does not indicate that the street performer takes a break.",2,1,"neutral: A man in a tie-dyed shirt and jeans is sitting on a bench with a dog and a guitar on his lap, as well as a harmonica near his mouth does not indicate that the street performer takes a break.",2,1,"A man in a tie-dyed shirt and jeans is sitting on a bench with a dog and a guitar on his lap, as well as a harmonica near his mouth does not indicate that he is a street performer takes a break.",3,1,"neutral: Just because a man is sitting on a bench with a dog and a guitar on his lap, as well as a harmonica near his mouth does not mean he is a street performer.",2,1,0.131098138,0.516129032,0.392857143,0.483870968,0.12898327,0.507936508,0.385964912,0.476190476,TRUE," predicted: neutral, target: neutral",0.144593168,0.5625,0.451612903,0.5625,0.218008052,0.714285714,0.62962963,0.714285714,TRUE," predicted: neutral, target: neutral",
7467,3254,A woman is walking her dog and using her cellphone.,The woman is walking her cat.,contradiction,A dog is not a cat.,4,1,contradiction: A dog is not a cat.,4,1,A dog is not a cat.,4,1,contradiction: A dog is not a cat.,4,1,0.227439701,0.769230769,0.545454545,0.769230769,0.168887818,0.714285714,0.5,0.714285714,TRUE," predicted: contradiction, target: contradiction",0.227439538,0.769230769,0.545454545,0.769230769,0.168887818,0.714285714,0.5,0.714285714,TRUE," predicted: contradiction, target: contradiction",
6343,3441,Two construction workers talk while looking at a Naval ship.,The workers are on break.,neutral,Just because two construction workers talk while looking at a Naval ship does not mean they are on break.,4,1,contradiction: The workers can't be on break if they are talking while looking at a naval ship.,1,0,Just because two construction workers talk while looking at a Naval ship does not mean they are on break.,4,1,contradiction: The workers can't be on break if they talk while looking at a naval ship.,1,0,0.152674605,0.727272727,0.387096774,0.666666667,0.127661205,0.5,0.260869565,0.4,FALSE," predicted: contradiction, target: neutral",0.152674605,0.727272727,0.387096774,0.666666667,0.119427245,0.5,0.272727273,0.416666667,FALSE," predicted: contradiction, target: neutral",
1998,3858,"A man with a blue, collared shirt sits in front of another man.",a man sits in front of another man,entailment,"A man with a blue, collared shirt sits in front of another man is a rephrasing of a man sits in front of another man.",2,1,"entailment: A man with a blue, collared shirt sits in front of another man is a rephrasing of a man sits in front of another man.",2,1,"A man with a blue, collared shirt sits in front of another man is a rephrasing of a man sits in front of another man.",2,1,"entailment: A man with a blue, collared shirt sits in front of another man is a rephrasing of a man sits in front of another man.",2,1,0.03832104,0.470588235,0.4375,0.470588235,0.043967207,0.457142857,0.424242424,0.457142857,TRUE," predicted: entailment, target: entailment",0.03832104,0.470588235,0.4375,0.470588235,0.043967207,0.457142857,0.424242424,0.457142857,TRUE," predicted: entailment, target: entailment",
1084,4252,"A guy in boots, jeans and a blue shirt is falling off a bull by a cowboy standing on a red fence with the numbers 2 and 4 on it.",A guy standed near the fence.,entailment,"A guy in boots, jeans and a blue shirt is falling off a bull by a cowboy standing on a red fence with the numbers 2 and 4 on it is a rephrasing of a guy standed near the fence.",1,1,entailment: Standing on a red fence is a rephrasing of standed near the fence.,3,0,Standing on a red fence is a rephrasing of standed near the fence.,3,0,"entailment: A guy in boots, jeans and a blue shirt is falling off a bull by a cowboy standing on a red fence with the numbers 2 and 4 on it is a rephrasing of a guy standed near the fence.",1,0,0.271942716,1,0.974358974,0.75,0.030362749,0.481481481,0.423076923,0.428571429,TRUE," predicted: entailment, target: entailment",0.028222647,0.490566038,0.431372549,0.444444444,0.277361748,0.987654321,0.962025316,0.740740741,TRUE," predicted: entailment, target: entailment",
4861,4537,two people riding their bikes down a street together.,A couple ride their bikes on a date.,neutral,Just because two people are riding their bikes together does not mean they are a couple or that they are on a date.,5,1,neutral: Just because two people are riding their bikes together doesn't mean they are a couple. Just because two people are riding their bikes together doesn't mean they are on a date.,5,1,Two people riding their bikes down a street together does not indicate that they are a couple ride their bikes on a date.,3,1,neutral: Two people riding their bikes together does not imply that they are a couple or that they are on a date.,5,1,0.096111753,0.4375,0.25,0.411764706,0.091868283,0.311111111,0.186046512,0.311111111,TRUE," predicted: neutral, target: neutral",0.09614863,0.4375,0.25,0.411764706,0.086950384,0.451612903,0.258064516,0.424242424,TRUE," predicted: neutral, target: neutral",
5467,4731,A man wearing black pants and a helmet is riding a brown horse.,A man is riding a brown horse while protecting his head with a helmet.,entailment,A man wearing black pants and a helmet is a rephrasing of a man is riding a brown horse while protecting his head with a helmet.,2,1,entailment: A man wearing black pants and a helmet is riding a brown horse is a rephrasing of a man is riding a brown horse while protecting his head with a helmet.,2,1,A man wearing black pants and a helmet is a rephrasing of a man is riding a brown horse while protecting his head with a helmet.,2,1,entailment: A man wearing black pants and a helmet is riding a brown horse is a rephrasing of a man is riding a brown horse while protecting his head with a helmet.,2,1,0.153037274,0.631578947,0.5,0.631578947,0.105518253,0.545454545,0.428571429,0.545454545,TRUE," predicted: entailment, target: entailment",0.153037274,0.631578947,0.5,0.631578947,0.105518253,0.545454545,0.428571429,0.545454545,TRUE," predicted: entailment, target: entailment",
1581,4757,Two men are boxing in fighting arena.,TWo men are boxing.,entailment,Two men are boxing is a rephrasing of Two men are boxing.,2,1,entailment: Two men are boxing is a rephrasing of TWo men are boxing.,2,1,Two men are boxing is a rephrasing of TWo men are boxing.,2,1,entailment: Two men are boxing is a rephrasing of TWo men are boxing.,2,1,0.037148721,0.75,0.545454545,0.75,0.037949972,0.72,0.52173913,0.72,TRUE," predicted: entailment, target: entailment",0.04024027,0.75,0.545454545,0.75,0.037949972,0.72,0.52173913,0.72,TRUE," predicted: entailment, target: entailment",
2660,4833,a soccer player wearing a red uniform walks off the field after a game near a parking lot.,There is a field with a parking lot.,entailment,"If a soccer player walks off the field near a parking lot, then there is a field with a parking lot.",4,1,"entailment: If a soccer player walks off the field after a game near a parking lot, then there is a field with a parking lot.",4,1,A soccer player near a parking lot implies there is a field with a parking lot.,3,0,entailment: A soccer player near a parking lot means there is a field with a parking lot.,3,0,0.048140702,0.647058824,0.375,0.588235294,0.053933902,0.578947368,0.333333333,0.526315789,TRUE," predicted: entailment, target: entailment",0.048938089,0.620689655,0.37037037,0.482758621,0.048926527,0.6,0.357142857,0.466666667,TRUE," predicted: entailment, target: entailment",
1517,5839,"A young female gymnast, wearing a sequined royal blue and white outfit, is lifting her right leg straight up in the air.",A dog is barking at the TV.,contradiction,A female gymnast is not a dog.,3,1,contradiction: A female gymnast is not a dog.,3,1,A female gymnast is not a dog.,3,1,contradiction: A female gymnast is not a dog.,3,1,0.035560537,0.75,0.285714286,0.428571429,0.036967438,0.705882353,0.266666667,0.4,TRUE," predicted: contradiction, target: contradiction",0.035560537,0.75,0.285714286,0.428571429,0.036967447,0.705882353,0.266666667,0.4,TRUE," predicted: contradiction, target: contradiction",
3740,5880,A child with wet hair is holding a butterfly decorated beach ball.,The child is dry.,contradiction,The child cannot be dry and wet at the same time.,5,1,contradiction: The child cannot be dry and wet at the same time.,5,1,The child cannot be dry and wet at the same time.,5,1,contradiction: The child cannot be dry and wet at the same time.,5,1,0.078728977,0.5,0.222222222,0.4,0.071695805,0.48,0.210526316,0.380952381,TRUE," predicted: contradiction, target: contradiction",0.078728977,0.5,0.222222222,0.4,0.071695839,0.48,0.210526316,0.380952381,TRUE," predicted: contradiction, target: contradiction",
927,5899,A man wearing shorts and a blue t-shirt is applying signage to the display window of an ice cream shop.,A man is putting a sign in the window.,entailment,Putting a sign in the window is a rephrasing of applying signage to the display window.,5,1,entailment: Applying signage is the same as putting a sign.,5,1,Putting a sign in the window is a rephrasing of applying signage to the display window.,5,1,entailment: Applying signage is a form of putting a sign.,4,1,0.022040598,0.583333333,0.272727273,0.5,0.027890545,0.666666667,0.375,0.333333333,TRUE," predicted: entailment, target: entailment",0.022040598,0.583333333,0.272727273,0.5,0.045631315,0.777777778,0.375,0.444444444,TRUE," predicted: entailment, target: entailment",
1589,6071,"A dirty, shirtless homeless man sits on the sidewalk, holding his cup up to passerby asking for change.",A homeless man in torn jeans begs.,neutral,"A dirty, shirtless homeless man sits on the sidewalk, holding his cup up to passerby asking for change does not indicate that he in torn jeans begs.",3,1,contradiction: The homeless man is either shirtless or in torn jeans.,1,0,Not all shirtless homeless men wear torn jeans.,3,1,neutral: Not all homeless men wear torn jeans.,4,1,0.031970058,0.333333333,0.117647059,0.333333333,0.038070428,0.5,0.333333333,0.5,FALSE," predicted: contradiction, target: neutral",0.276034139,0.933333333,0.769230769,0.933333333,0.342421538,0.933333333,0.923076923,0.933333333,TRUE," predicted: neutral, target: neutral",
5987,6191,A dog is walking down steps.,A large dog is walking down the front steps.,neutral,Not all dogs are large. Just because a dog is walking down steps does not mean it is walking down the front steps.,5,1,neutral: Not all dogs are large.,4,1,Not all dogs are large. Not all steps are the front steps.,5,1,neutral: Not all dogs are large.,4,1,0.075598648,0.466666667,0.25,0.380952381,0.117945152,0.615384615,0.363636364,0.615384615,TRUE," predicted: neutral, target: neutral",0.105518756,0.516129032,0.344827586,0.516129032,0.117945152,0.615384615,0.363636364,0.615384615,TRUE," predicted: neutral, target: neutral",
1062,6395,The blond girl is opening her drink as she speaks to the person with her.,A girl is opening a Diet Coke while talking to her boyfriend.,neutral,Not all drinks are Diet Coke.,4,1,neutral: Not all drinks are Diet Coke.,4,1,Not all drinks are Diet Coke.,4,1,neutral: Not all drinks are Diet Coke.,4,1,0.032733263,0.5,0.272727273,0.416666667,0.03003304,0.48,0.260869565,0.4,TRUE," predicted: neutral, target: neutral",0.032733263,0.5,0.272727273,0.416666667,0.03003304,0.48,0.260869565,0.4,TRUE," predicted: neutral, target: neutral",
9590,6560,A man in a white shirt speaks into a microphone as other men gather behind him at a public event.,The man speaking is the President of the United States.,neutral,Just because a man speaks into a microphone does not mean he is the President of the United States.,5,1,neutral: A man in a white shirt speaks into a microphone as other men gather behind him at a public event does not indicate that he speaking is the President of the United States.,3,1,A man in a white shirt speaks into a microphone as other men gather behind him at a public event does not necessary that the man speaking is the President of the United States.,3,1,neutral: Just because a man speaks into a microphone does not mean he is the President of the United States.,5,1,0.06878189,0.628571429,0.458333333,0.571428571,0.355254639,0.861538462,0.793650794,0.861538462,TRUE," predicted: neutral, target: neutral",0.35401216,0.830769231,0.793650794,0.830769231,0.065476033,0.611111111,0.448979592,0.555555556,TRUE," predicted: neutral, target: neutral",
2186,7044,cheerleaders pose for the camera.,The cheerleaders are getting their picture taken.,entailment,The cheerleaders are getting their picture taken because they pose for the camera.,5,1,"entailment: If the cheerleaders pose for the camera, then they are getting their picture taken.",5,1,The cheerleaders are getting their picture taken because they pose for the camera.,5,1,"entailment: If the cheerleaders pose for the camera, they are getting their picture taken.",5,1,0.024805536,0.526315789,0.32,0.333333333,0.04679698,0.482758621,0.296296296,0.482758621,TRUE," predicted: entailment, target: entailment",0.024805536,0.526315789,0.32,0.333333333,0.050014961,0.5,0.307692308,0.5,TRUE," predicted: entailment, target: entailment",
7794,7072,A boy in a hat and glasses is playing a guitar.,A boy is singing.,neutral,Playing a guitar does not imply singing.,5,1,neutral: Playing a guitar does not imply singing.,5,1,Playing a guitar does not imply singing.,5,1,neutral: Playing a guitar does not imply singing.,5,1,0.234137419,0.923076923,0.727272727,0.923076923,0.183871276,0.857142857,0.666666667,0.857142857,TRUE," predicted: neutral, target: neutral",0.234137195,0.923076923,0.727272727,0.923076923,0.183871254,0.857142857,0.666666667,0.857142857,TRUE," predicted: neutral, target: neutral",
5546,7208,Two men in hard hats and safety neon vests on scaffolding working outside in the daylight.,The men are very careful on the scaffold.,neutral,Just because the men are wearing hard hats and safety vests doesn't mean they are very careful.,5,1,neutral: Not all men in hard hats and safety vests on scaffolding working outside in the daylight are very careful on the scaffold.,4,1,Not all men in hard hats and safety neon vests on scaffolding working outside in the daylight are very careful on the scaffold.,4,1,neutral: Not all men in hard hats and safety neon vests on scaffolding working outside in the daylight are very careful on the scaffold.,4,1,0.093962538,0.769230769,0.486486486,0.717948718,0.107175989,0.636363636,0.428571429,0.590909091,TRUE," predicted: neutral, target: neutral",0.170114627,0.681818182,0.523809524,0.636363636,0.163054582,0.666666667,0.511627907,0.622222222,TRUE," predicted: neutral, target: neutral",
5822,7212,A young blond child eats chocolate cake with his fingers while holding the spoon in their other hand.,a child has chocolate all over his hand,entailment,The child has chocolate all over his hand because he eats chocolate cake with his fingers while holding the spoon in their other hand.,4,1,entailment: A child eats chocolate cake with his fingers while holding the spoon in their other hand is a rephrasing of a child has chocolate all over his hand.,2,0,The child has chocolate all over his hand because he eats chocolate cake with his fingers while holding the spoon in their other hand.,5,1,entailment: A child eats chocolate cake with his fingers while holding the spoon in their other hand implies that the child has chocolate all over his hand.,4,1,0.191763698,0.666666667,0.540540541,0.615384615,0.114499854,0.530612245,0.333333333,0.489795918,TRUE," predicted: entailment, target: entailment",0.191763698,0.666666667,0.540540541,0.615384615,0.141190542,0.553191489,0.4,0.510638298,TRUE," predicted: entailment, target: entailment",
7719,7321,Four people stand in front of trees.,Four people outdoor.,entailment,Trees are outdoors.,5,1,entailment: Trees are outdoors.,5,1,Trees are found outdoors.,5,1,entailment: Trees are outdoors.,5,1,0.174457632,1,1,1,0.180955544,0.857142857,0.8,0.857142857,TRUE," predicted: entailment, target: entailment",0.135081745,0.857142857,0.4,0.857142857,0.180955544,0.857142857,0.8,0.857142857,TRUE," predicted: entailment, target: entailment",
2351,7562,A kid dressed in a long-sleeve shirt with a jersey numbered 11 is passing a bar to a boy in a jersey numbered 12 during a relay race.,A team of youths race to finish first in a relay race on a beach.,entailment,A kid dressed in a long-sleeve shirt with a jersey numbered 11 is passing a bar to a boy in a jersey numbered 12 during a relay race is a team of youths race to finish first in a relay race on a beach.,1,0,neutral: A kid dressed in a long-sleeve shirt with a jersey numbered 11 is passing a bar to a boy in a jersey numbered 12 during a relay race does not indicate that a team of youths race to finish first in a relay race on,1,0,"A kid and a boy are a team of youths, and a relay race is a relay race on a beach.",2,1,neutral: A kid dressed in a long-sleeve shirt with a jersey numbered 11 is passing a bar to a boy in a jersey numbered 12 during a relay race does not indicate that a team of youths race to finish first in a relay race on,1,0,0.045570116,0.529411765,0.393939394,0.5,0.049417233,0.514285714,0.382352941,0.485714286,FALSE," predicted: neutral, target: entailment",0.137391634,0.631578947,0.444444444,0.578947368,0.049417233,0.514285714,0.382352941,0.485714286,FALSE," predicted: neutral, target: entailment",
2354,7714,four children are dancing around a pole in a city street.,Four children are dancing around a pole.,entailment,Four children are dancing around a pole is a rephrasing of four children are dancing around a pole in a city street.,3,1,entailment: Four children are dancing around a pole is a rephrasing of four children are dancing around a pole in a city street.,3,1,Four children are dancing around a pole is a rephrasing of four children are dancing around a pole in a city street.,3,1,entailment: Four children are dancing around a pole is a rephrasing of four children are dancing around a pole.,3,1,0.056829153,0.647058824,0.5,0.470588235,0.049448654,0.628571429,0.484848485,0.457142857,TRUE," predicted: entailment, target: entailment",0.056829153,0.647058824,0.5,0.470588235,0.018594242,0.516129032,0.344827586,0.516129032,TRUE," predicted: entailment, target: entailment",
7073,8004,A short-haired man is jumping while on top of a huge boulder.,The man is sitting down on the rock.,contradiction,The man cannot be jumping and sitting at the same time.,5,1,contradiction: The man can't be jumping and sitting down at the same time.,5,1,The man cannot be jumping and sitting at the same time.,5,1,contradiction: The man cannot be jumping and sitting at the same time.,5,1,0.184831378,0.857142857,0.421052632,0.666666667,0.152152226,0.666666667,0.272727273,0.5,TRUE," predicted: contradiction, target: contradiction",0.184831378,0.857142857,0.421052632,0.666666667,0.181853785,0.818181818,0.4,0.636363636,TRUE," predicted: contradiction, target: contradiction",
5376,8127,Two lacrosse players are running on the sports-field.,One of the boys scored a goal for his sports team today.,neutral,Two lacrosse players are running on the sports-field does not indicate that one of the boys scored a goal for his sports team today.,5,1,neutral: Just because two lacrosse players are running on the sports-field does not mean one of the boys scored a goal for his sports team today.,5,1,Just because two lacrosse players are running on the sports-field does not mean one of the boys scored a goal for his sports team today.,5,1,neutral: Just because two lacrosse players are running on the sports-field does not mean one of the boys scored a goal for his sports team today.,5,1,0.090423471,0.541666667,0.347826087,0.5,0.103164302,0.64,0.416666667,0.56,TRUE," predicted: neutral, target: neutral",0.105819516,0.653061224,0.425531915,0.571428571,0.103164302,0.64,0.416666667,0.56,TRUE," predicted: neutral, target: neutral",
7879,8714,Two girls in bathing suits are in water.,Two girls practicing swimming in a pool,neutral,Just because two girls are in water does not mean they are practicing swimming in a pool.,5,1,neutral: Two girls in bathing suits are in water does not indicate that they practicing swimming in a pool,4,1,Two girls in bathing suits are in water does not indicate that they practicing swimming in a pool,4,1,neutral: Two girls in bathing suits are in water does not indicate that they practicing swimming in a pool,4,1,0.062829001,0.722222222,0.647058824,0.666666667,0.188547391,0.684210526,0.5,0.631578947,TRUE," predicted: neutral, target: neutral",0.20907018,0.702702703,0.514285714,0.648648649,0.188547391,0.684210526,0.5,0.631578947,TRUE," predicted: neutral, target: neutral",
3881,8825,A woman with a blue shirt and colorful hair has just thrown the bowling ball.,A woman is in a bowling alley.,neutral,A woman with a blue shirt and colorful hair has just thrown the bowling ball does not indicate that she is in a bowling alley.,3,1,neutral: Just because a woman has just thrown the bowling ball does not mean she is in a bowling alley.,5,1,A woman with a blue shirt and colorful hair has just thrown the bowling ball does not indicate that she is in a bowling alley.,3,1,neutral: Just because a woman has just thrown the bowling ball does not mean she is in a bowling alley.,5,1,0.08512831,0.473684211,0.216216216,0.461538462,0.074198063,0.545454545,0.25,0.470588235,TRUE," predicted: neutral, target: neutral",0.08512831,0.473684211,0.216216216,0.461538462,0.074198063,0.545454545,0.25,0.470588235,TRUE," predicted: neutral, target: neutral",
4476,9656,An African-American male youth is riding a green bicycle while other people are looking at pictures on a board.,A boy is walking on a sidewalk in his neighborhood.,contradiction,One cannot be riding a bicycle and walking at the same time.,5,1,contradiction: The boy cannot be riding a bicycle and walking at the same time.,5,1,The boy cannot be riding a bicycle and walking on a sidewalk at the same time.,5,1,contradiction: One cannot be riding a bicycle and walking at the same time.,5,1,0.077926008,0.692307692,0.416666667,0.538461538,0.084851232,0.714285714,0.384615385,0.571428571,TRUE," predicted: contradiction, target: contradiction",0.186422604,0.866666667,0.571428571,0.733333333,0.052102833,0.666666667,0.4,0.518518519,TRUE," predicted: contradiction, target: contradiction",
5028,9754,A man and a woman embracing on the sidewalk.,Two women embrace on the sidewalk.,contradiction,There can either be a man and a woman or two women.,4,1,contradiction: There can either be a man and a woman or two women.,4,1,A man and a woman are not two women.,4,1,contradiction: There can either be a man and a woman or two women.,4,1,0.093912639,0.620689655,0.476190476,0.608695652,0.095198813,0.6,0.454545455,0.583333333,TRUE," predicted: contradiction, target: contradiction",0.134143893,0.8,0.666666667,0.8,0.095198813,0.6,0.454545455,0.583333333,TRUE," predicted: contradiction, target: contradiction",
4579,148,A person with a purple shirt is painting an image of a woman on a white wall.,A woman paints a portrait of a person.,neutral,Just because a person with a purple shirt is painting an image of a woman on a white wall does not indicate that a woman paints a portrait of a person.,4,1,neutral: Just because a person is painting an image of a woman on a white wall does not mean it is a portrait of a person.,4,1,Just because a person is painting an image of a woman on a white wall does not mean she is painting a portrait of a person.,4,1,contradiction: A person painting an image of a woman is not the same as a woman painting a portrait of a person.,1,0,0.132075488,0.740740741,0.538461538,0.666666667,0.086652623,0.653061224,0.468085106,0.571428571,TRUE," predicted: neutral, target: neutral",0.081109378,0.653061224,0.425531915,0.571428571,0.102954267,0.577777778,0.341463415,0.444444444,FALSE," predicted: contradiction, target: neutral",
4278,691,A busy street with numerous people interacting and going about their lives.,The morning rush hour fills the streets with busy people.,neutral,Just because a busy street with numerous people interacting and going about their lives does not indicate that the morning rush hour fills the streets with busy people.,3,1,neutral: A busy street with numerous people interacting and going about their lives does not indicate that morning rush hour fills the streets with busy people.,3,1,Just because a busy street with numerous people interacting and going about their lives does not mean it is morning rush hour.,3,1,neutral: A busy street with numerous people interacting and going about their lives does not indicate that it is morning rush hour fills the streets with busy people.,3,1,0.068657502,0.4,0.263157895,0.4,0.08129853,0.421052632,0.277777778,0.421052632,TRUE," predicted: neutral, target: neutral",0.132936174,0.647058824,0.5,0.647058824,0.123131228,0.5,0.368421053,0.5,TRUE," predicted: neutral, target: neutral",
1890,793,Two people talking on a dock.,people outside,entailment,People on a dock are outside.,4,1,"entailment: Two people are people, and a dock is outside.",5,1,People are on a dock so they must be outside.,5,1,entailment: People on a dock are outside.,4,1,0.075621903,0.8,0.461538462,0.8,0.042362151,0.6,0.32,0.518518519,TRUE," predicted: entailment, target: entailment",0.07295383,0.736842105,0.444444444,0.631578947,0.079373097,0.75,0.428571429,0.75,TRUE," predicted: entailment, target: entailment",
1123,1289,A man dances with a woman in a white egyptian costume.,A man is disguise as he dances with someone.,neutral,Just because a man dances with a woman in a white egyptian costume doesn't mean he is disguise as he dances with someone.,2,1,entailment: A man dances with a woman in a white egyptian costume is a rephrasing of a man is disguise as he dances with someone.,1,0,Just because a man dances with a woman in a white egyptian costume does not mean that he is disguise as he dances with someone.,2,1,entailment: A man dances with a woman in a white egyptian costume is a rephrasing of a man is disguise as he dances with someone.,1,0,0.029628278,0.474576271,0.280701754,0.440677966,0.030980179,0.6,0.344827586,0.533333333,FALSE," predicted: entailment, target: neutral",0.030772871,0.533333333,0.275862069,0.5,0.030980179,0.6,0.344827586,0.533333333,FALSE," predicted: entailment, target: neutral",
8036,1296,A tan dog chases a black and white soccer ball.,A dog is at the park with it's owner.,neutral,Just because a dog chases a soccer ball does not mean it is at the park with its owner.,5,1,neutral: Just because a dog chases a soccer ball does not mean it is at the park with its owner.,5,1,A dog chases a ball does not imply it is at the park with its owner.,4,1,neutral: Just because a dog chases a ball does not mean it is at the park with its owner.,5,1,0.195368816,0.857142857,0.727272727,0.857142857,0.19801263,0.833333333,0.705882353,0.833333333,TRUE," predicted: neutral, target: neutral",0.339919651,1,1,1,0.235874418,0.857142857,0.787878788,0.857142857,TRUE," predicted: neutral, target: neutral",
6421,1545,Man sitting on bench with a suitcase in front of PADDINGTON sign.,A man taking a break,neutral,Just because a man is sitting on a bench does not mean he is taking a break.,5,1,neutral: Just because a man is sitting on a bench does not mean he is taking a break.,5,1,Just because a man is sitting on a bench does not mean he is taking a break.,5,1,neutral: Sitting on a bench does not imply taking a break.,5,1,0.161683862,0.666666667,0.48,0.551724138,0.129882039,0.642857143,0.461538462,0.533333333,TRUE," predicted: neutral, target: neutral",0.161683862,0.666666667,0.48,0.551724138,0.210505622,0.952380952,0.736842105,0.695652174,TRUE," predicted: neutral, target: neutral",
1112,1625,A solo shot of a man riding a four wheeler in an atv event.,The man is riding fast on the four wheeler.,neutral,Just because a man is riding a four wheeler doesn't mean he is riding fast.,5,1,neutral: Just because a man is riding a four wheeler does not mean he is riding fast.,5,1,Just because the man is riding a four wheeler doesn't mean he is riding fast.,5,1,neutral: Just because a man is riding a four wheeler doesn't mean he is riding fast.,5,1,0.040182565,0.769230769,0.648648649,0.769230769,0.030806948,0.65,0.526315789,0.65,TRUE," predicted: neutral, target: neutral",0.04139672,0.717948718,0.540540541,0.717948718,0.031366026,0.75,0.631578947,0.75,TRUE," predicted: neutral, target: neutral",
6130,1780,A concert with a blue shirted boy in the front and light shining in the back,The moment has it's fan,contradiction,A concert with a blue shirted boy in the front and light shining in the back is not a moment with it's fan.,3,1,neutral: A concert with a blue shirted boy in the front and light shining in the back does not imply that the moment has it's fan.,3,1,A concert with a blue shirted boy in the front and light shining in the back is not a moment with it's fan.,3,1,neutral: A concert with a blue shirted boy in the front and light shining in the back does not imply that the moment has it's fan.,3,1,0.128027336,0.666666667,0.511627907,0.666666667,0.121638719,0.708333333,0.608695652,0.708333333,FALSE," predicted: neutral, target: contradiction",0.128027336,0.666666667,0.511627907,0.666666667,0.121638719,0.708333333,0.608695652,0.708333333,FALSE," predicted: neutral, target: contradiction",
1480,1847,Africans are walking down a dirt road with straw huts in the background.,The people are walking in the dirt,entailment,Africans are people.,5,1,entailment: Africans are people.,5,1,Africans are people.,5,1,entailment: Africans are people.,5,1,0.067049147,0.444444444,0.285714286,0.444444444,0.036365168,0.4,0.25,0.4,TRUE," predicted: entailment, target: entailment",0.067049147,0.444444444,0.285714286,0.444444444,0.036365168,0.4,0.25,0.4,TRUE," predicted: entailment, target: entailment",
7955,2187,"Two skateboarders, one wearing a black t-shirt and the other wearing a white t-shirt, race each other.",Two skateboarders race.,entailment,"""Two skateboarders race each other"" is a rephrasing of ""Two skateboarders race"".",4,1,entailment: Two skateboarders race each other is a rephrasing of two skateboarders race.,4,1,Two skateboarders race each other is the same as two skateboarders race.,3,1,entailment: Two skateboarders race each other is a rephrasing of two skateboarders race.,4,1,0.197786152,0.666666667,0.454545455,0.5,0.192918874,0.64,0.434782609,0.48,TRUE," predicted: entailment, target: entailment",0.258868316,0.916666667,0.727272727,0.75,0.19291892,0.64,0.434782609,0.48,TRUE," predicted: entailment, target: entailment",
7755,2316,"Three men dressed in white shirts and white hats, (two with baseball caps, the leader with a white construction helmet), pounding sticks on steel and plastic drums.",Three brothers pound on some drums,neutral,"Three men dressed in white shirts and white hats, (two with baseball caps, the leader with a white construction helmet), pounding sticks on steel and plastic drums does not indicate that Three brothers pound on some drums",3,1,neutral: Not all men are brothers.,4,1,"Just because three men dressed in white shirts and white hats, (two with baseball caps, the leader with a white construction helmet), pounding sticks on steel and plastic drums does not mean they are brothers.",3,1,neutral: Not all men are brothers.,4,1,0.32153284,0.833333333,0.8,0.833333333,0.182154543,0.727272727,0.444444444,0.727272727,TRUE," predicted: neutral, target: neutral",0.441680436,1,1,1,0.182154543,0.727272727,0.444444444,0.727272727,TRUE," predicted: neutral, target: neutral",
7931,2553,A woman in a blue striped shirt is talking to someone on the street.,A woman dancing in the street.,contradiction,The woman can't be talking and dancing at the same time.,3,1,contradiction: A woman can't be talking and dancing at the same time.,3,1,The woman can't be talking and dancing at the same time.,3,1,contradiction: A woman can't be talking and dancing at the same time.,3,1,0.259510804,0.7,0.555555556,0.7,0.19146458,0.666666667,0.421052632,0.571428571,TRUE," predicted: contradiction, target: contradiction",0.259510804,0.7,0.555555556,0.7,0.19146458,0.666666667,0.421052632,0.571428571,TRUE," predicted: contradiction, target: contradiction",
737,2622,Two oriental older women gathering rice from the fields.,The old Asian women are chasing each other.,contradiction,The women cannot be gathering rice and chasing each other at the same time.,4,1,contradiction: Gathering rice is different than chasing each other.,5,1,The women can't be gathering rice and chasing each other at the same time.,4,1,contradiction: Gathering rice is different than chasing each other.,5,1,0.048626517,0.56,0.266666667,0.56,0.024262943,0.5,0.333333333,0.5,TRUE," predicted: contradiction, target: contradiction",0.047117213,0.538461538,0.258064516,0.538461538,0.024262955,0.5,0.333333333,0.5,TRUE," predicted: contradiction, target: contradiction",
3647,2646,A man stands by a load of boxes near a pizza restaurant.,A man stands near a load of boxes on fire.,contradiction,The man cannot be standing by a load of boxes near a pizza restaurant if he is standing near a load of boxes on fire.,3,0,contradiction: The man cannot be standing by a load of boxes and be standing near a load of boxes on fire at the same time.,3,0,The man cannot be near a pizza restaurant and on fire at the same time.,1,0,"contradiction: The man is either standing by a load of boxes near a pizza restaurant, or he is standing near a load of boxes on fire.",3,1,0.157880612,0.714285714,0.5,0.619047619,0.070169083,0.511627907,0.3,0.476190476,TRUE," predicted: contradiction, target: contradiction",0.058235436,0.484848485,0.266666667,0.4375,0.154110341,0.790697674,0.585365854,0.697674419,TRUE," predicted: contradiction, target: contradiction",
3866,2670,A roofer in a gray sweatshirt and orange hat walks on a unfinished roof at a lake-side home.,The roofer is outside working.,entailment,A roofer walks on a unfinished roof at a lake-side home means he is outside working.,3,1,"entailment: If a roofer walks on a unfinished roof at a lake-side home, then the roofer is outside working.",4,1,A roofer walks on a unfinished roof at a lake-side home is a rephrasing of the roofer is outside working.,1,0,"entailment: If a roofer walks on a unfinished roof at a lake-side home, it follows that he is outside working.",4,1,0.072343777,0.648648649,0.285714286,0.540540541,0.073909162,0.65,0.322580645,0.5,TRUE," predicted: entailment, target: entailment",0.066066075,0.682926829,0.3125,0.487804878,0.057450816,0.585365854,0.256410256,0.487804878,TRUE," predicted: entailment, target: entailment",
2304,2676,Man jumping up in the air and splitting his legs with his mouth open.,A man is walking down the street.,contradiction,The man cannot be jumping and walking at the same time.,4,1,contradiction: The man cannot be jumping up in the air and walking down the street at the same time.,4,1,A man cannot be jumping up in the air and walking down the street at the same time.,4,1,contradiction: A man cannot be jumping up in the air and walking down the street at the same time.,4,1,0.158459848,0.555555556,0.5,0.555555556,0.048759723,0.611111111,0.352941176,0.555555556,TRUE," predicted: contradiction, target: contradiction",0.05940854,0.685714286,0.424242424,0.628571429,0.055729659,0.666666667,0.411764706,0.611111111,TRUE," predicted: contradiction, target: contradiction",
2848,3230,A person waterskiing in a river with a large wall in the background.,A person waterskiing in a river with a wall in the background.,entailment,A person waterskiing in a river with a large wall in the background is a rephrasing of a person waterskiing in a river with a wall in the background.,4,1,entailment: A person waterskiing in a river with a large wall in the background is a rephrasing of a person waterskiing in a river with a wall in the background.,4,1,A person waterskiing in a river with a large wall in the background is a rephrasing of a person waterskiing in a river with a wall in the background.,4,1,entailment: A person waterskiing in a river with a large wall in the background is the same as a person waterskiing in a river with a wall in the background.,4,1,0.064487406,0.45,0.157894737,0.4,0.056609325,0.43902439,0.153846154,0.390243902,TRUE," predicted: entailment, target: entailment",0.064487406,0.45,0.157894737,0.4,0.052623814,0.43902439,0.153846154,0.390243902,TRUE," predicted: entailment, target: entailment",
7254,3272,Many people who appear to be Asian stand in line at a train station waiting patiently for the next train.,the people are running through fire,contradiction,People cannot stand in line at a train station and be running through fire at the same time.,5,1,contradiction: People cannot stand in line at a train station and be running through fire at the same time.,5,1,The people cannot stand in line and be running through fire at the same time.,5,1,contradiction: People who stand in line at a train station waiting patiently for the next train cannot be running through fire at the same time.,5,1,0.197302383,0.666666667,0.4,0.666666667,0.15933966,0.642857143,0.384615385,0.642857143,TRUE," predicted: contradiction, target: contradiction",0.227394915,0.75,0.454545455,0.75,0.154517105,0.55,0.421052632,0.55,TRUE," predicted: contradiction, target: contradiction",
8358,3401,"In front of a brick house with a straw roof and some figures, three children stand, two of them holding squares of blackboard.",The children are putting out a fire nearby,contradiction,The children cannot be holding squares of blackboard and putting out a fire at the same time.,5,1,contradiction: The children cannot be holding squares of blackboard and putting out a fire at the same time.,5,1,The children cannot be holding squares of blackboard and putting out a fire at the same time.,5,1,contradiction: The children can't be holding squares of blackboard and putting out a fire at the same time.,5,1,0.231125066,1,0.75,0.705882353,0.218992481,0.971428571,0.727272727,0.685714286,TRUE," predicted: contradiction, target: contradiction",0.231125066,1,0.75,0.705882353,0.222441376,0.888888889,0.588235294,0.611111111,TRUE," predicted: contradiction, target: contradiction",
8090,3550,"A juggler wearing a plaid kilt and a green shirt, juggling.",A person juggles balls in a kilt.,neutral,Just because a juggler is juggling doesn't mean he juggles balls.,5,1,"neutral: A juggler wearing a plaid kilt and a green shirt, juggling does not indicate that he juggles balls in a kilt.",3,1,Just because a juggler is juggling doesn't mean he juggles balls in a kilt.,4,1,neutral: Just because a juggler is juggling doesn't mean he juggles balls.,5,1,0.045628943,0.571428571,0.424242424,0.571428571,0.202059447,0.711111111,0.651162791,0.711111111,TRUE," predicted: neutral, target: neutral",0.049185414,0.684210526,0.555555556,0.684210526,0.036831104,0.555555556,0.411764706,0.555555556,TRUE," predicted: neutral, target: neutral",
6545,4211,group of people sweeping the floor and cleaning,There are people working.,entailment,Sweeping is a form of working.,5,1,entailment: Sweeping is a form of working.,5,1,Sweeping is a form of working.,5,1,entailment: Sweeping is a form of working.,5,1,0.166401177,0.75,0.571428571,0.75,0.133680598,0.705882353,0.533333333,0.705882353,TRUE," predicted: entailment, target: entailment",0.166401177,0.75,0.571428571,0.75,0.133680598,0.705882353,0.533333333,0.705882353,TRUE," predicted: entailment, target: entailment",
9279,4584,a male teen is working on a school project.,The boy sitting on top of his dads truck.,contradiction,The boy cannot be working on a school project and sitting on top of his dads truck at the same time.,5,1,contradiction: The boy cannot be working on a school project and sitting on top of his dads truck at the same time.,5,1,A boy cannot be working on a school project and sitting on top of his dads truck at the same time.,5,1,contradiction: The boy cannot be working on a school project and sitting on top of his dads truck at the same time.,5,1,0.336626672,0.769230769,0.702702703,0.769230769,0.304902831,0.75,0.684210526,0.75,TRUE," predicted: contradiction, target: contradiction",0.310936627,0.769230769,0.702702703,0.769230769,0.304902831,0.75,0.684210526,0.75,TRUE," predicted: contradiction, target: contradiction",
855,4906,Man jumping over a rusty fence on a blue bicycle.,Man doing a trick riding his bicycle.,entailment,A man jumping over a fence on a blue bicycle is doing a trick riding his bicycle.,3,1,neutral: Jumping over a fence does not imply doing a trick.,1,0,Jumping over a fence is a trick.,5,1,neutral: Jumping over a fence does not imply doing a trick.,1,0,0.063943089,0.64516129,0.434782609,0.580645161,0.026740122,0.526315789,0.352941176,0.526315789,FALSE," predicted: neutral, target: entailment",0.07081158,0.666666667,0.307692308,0.666666667,0.026740122,0.526315789,0.352941176,0.526315789,FALSE," predicted: neutral, target: entailment",
1434,5015,Three people posing for a camera,There are people making different poses.,neutral,Posing for a camera does not imply making different poses.,4,1,entailment: Posing for a camera implies making different poses.,1,0,Posing for a camera does not imply making different poses.,4,1,entailment: Posing for a camera implies making different poses.,1,0,0.045651011,0.5,0.384615385,0.5,0.035699045,0.518518519,0.4,0.518518519,FALSE," predicted: entailment, target: neutral",0.045651076,0.5,0.384615385,0.5,0.035699045,0.518518519,0.4,0.518518519,FALSE," predicted: entailment, target: neutral",
3345,5374,A man and a child painting a post.,The boy and his father making the post look better.,entailment,A man and a child are a boy and his father. Painting a post is a way of making the post look better.,4,1,neutral: Just because a man and a child are painting a post doesn't mean they are making the post look better.,2,0,A man and a child are a boy and his father. Painting a post is a way of making the post look better.,4,1,neutral: Just because a man and a child are painting a post doesn't mean they are making the post look better.,2,0,0.21875515,0.695652174,0.388888889,0.608695652,0.064960361,0.488888889,0.23255814,0.444444444,FALSE," predicted: neutral, target: entailment",0.21875515,0.695652174,0.388888889,0.608695652,0.064960361,0.488888889,0.23255814,0.444444444,FALSE," predicted: neutral, target: entailment",
7434,6278,"Two men, one in a blue shirt and one in a green shirt analyze a piece of paper in the middle of a workshop area.",The guys are having a party at the park.,contradiction,The men cannot analyze a piece of paper in the middle of a workshop area and be having a party at the park at the same time.,5,1,contradiction: The men cannot analyze a piece of paper in the middle of a workshop area and having a party at the park at the same time.,5,1,The men cannot analyze a piece of paper in the middle of a workshop area and be having a party at the park at the same time.,5,1,contradiction: A workshop area is not a park.,5,1,0.177132962,0.666666667,0.45,0.619047619,0.167605348,0.619047619,0.45,0.619047619,TRUE," predicted: contradiction, target: contradiction",0.177132962,0.666666667,0.45,0.619047619,0.038993746,0.461538462,0.095238095,0.461538462,TRUE," predicted: contradiction, target: contradiction",
8372,6670,A bald man is getting out of a small blue car.,The bald man got out of a red truck.,contradiction,A car is not a truck.,2,0,contradiction: A blue car is not a red truck.,5,1,A blue car is not a red truck.,5,1,contradiction: A blue car is not a red truck.,5,1,0.06539776,0.666666667,0.153846154,0.666666667,0.21984063,0.777777778,0.625,0.777777778,TRUE," predicted: contradiction, target: contradiction",0.24505344,0.823529412,0.666666667,0.823529412,0.21984063,0.777777778,0.625,0.777777778,TRUE," predicted: contradiction, target: contradiction",
375,6878,"Two young girls, one wearing a pink jacket and the other in a dark-colored jacket, are playing in the snow and having a snowball fight in a clearing outside of a wooded area.",Two girls are playing,entailment,Two girls are playing in the snow is a rephrasing of two girls are playing.,4,1,entailment: Two young girls are playing in the snow and having a snowball fight in a clearing outside of a wooded area.,3,1,"Two girls are playing is a rephrasing of two young girls, are playing in the snow and having a snowball fight in a clearing outside of a wooded area.",3,1,entailment: Two young girls are playing in the snow and having a snowball fight in a clearing outside of a wooded area.,3,1,0.070004239,0.583333333,0.363636364,0.583333333,0.017423543,0.387096774,0.275862069,0.322580645,TRUE," predicted: entailment, target: entailment",0.017801129,0.368421053,0.222222222,0.263157895,0.017423543,0.387096774,0.275862069,0.322580645,TRUE," predicted: entailment, target: entailment",
1027,7060,Two dogs wearing muzzles are running.,the dogs are running away,neutral,Running does not imply running away.,5,1,neutral: Running does not imply running away.,5,1,Just because the dogs are running doesn't mean they are running away.,5,1,neutral: Running does not imply running away.,5,1,0.04019758,0.5,0.142857143,0.5,0.029520263,0.470588235,0.133333333,0.470588235,TRUE," predicted: neutral, target: neutral",0.063058382,0.571428571,0.307692308,0.571428571,0.029520256,0.470588235,0.133333333,0.470588235,TRUE," predicted: neutral, target: neutral",
2206,7465,Three people in uniform are outdoors and are observing a scene which is out of the picture.,Uniformed people are outside,entailment,Three people in uniform are outdoors and are observing a scene which is out of the picture simply means Uniformed people are outside,3,1,entailment: Uniformed people are outside is a rephrasing of three people in uniform are outdoors and are observing a scene which is out of the picture.,3,1,Three people in uniform are observing a scene which is out of the picture is a rephrasing of Uniformed people are outside.,2,0,entailment: Uniformed people are outside is a rephrasing of three people in uniform are outdoors.,4,1,0.030168124,0.578947368,0.277777778,0.368421053,0.047079146,0.536585366,0.256410256,0.487804878,TRUE," predicted: entailment, target: entailment",0.037069598,0.540540541,0.285714286,0.344827586,0.064071812,0.6,0.260869565,0.48,TRUE," predicted: entailment, target: entailment",
5270,7480,Two teams of men are playing basketball on a court in an empty stadium.,The men are playing in front of a huge crowd.,contradiction,The men cannot be in front of a huge crowd if they are in an empty stadium.,5,1,contradiction: The men cannot be in front of a huge crowd if they are in an empty stadium.,5,1,The men cannot be in front of a huge crowd if they are in an empty stadium.,5,1,contradiction: The men cannot be in front of a huge crowd if they are in an empty stadium.,5,1,0.113894795,0.823529412,0.625,0.823529412,0.100907891,0.8,0.606060606,0.8,TRUE," predicted: contradiction, target: contradiction",0.113894795,0.823529412,0.625,0.823529412,0.100907891,0.8,0.606060606,0.8,TRUE," predicted: contradiction, target: contradiction",
5477,7743,A woman in a white dress with a white umbrellas is giving something to a woman in dark blue.,A woman in white hands something to a woman in blue.,entailment,A woman in white hands something to a woman in blue is a rephrasing of a woman in a white dress with a white umbrellas is giving something to a woman in dark blue.,4,1,entailment: A woman in a white dress with a white umbrellas is giving something to a woman in dark blue simply means woman in white hands something to a woman in blue,4,1,A woman in a white dress with a white umbrellas is giving something to a woman in dark blue is same as woman in white hands something to a woman in blue,4,1,entailment: A woman in a white dress with a white umbrellas is giving something to a woman in dark blue is a rephrasing of a woman in white hands something to a woman in blue.,4,1,0.106129761,0.782608696,0.597014925,0.52173913,0.105744939,0.776119403,0.615384615,0.626865672,TRUE," predicted: entailment, target: entailment",0.113503681,0.865671642,0.646153846,0.626865672,0.108356567,0.771428571,0.588235294,0.6,TRUE," predicted: entailment, target: entailment",
5940,8347,A blond-haired baby is sitting on the floor playing with toys while looking at a black and white cat.,The baby and the cat are in the same room,entailment,A blond-haired baby is sitting on the floor playing with toys while looking at a black and white cat simply means baby and the cat are in the same room,3,1,entailment: A blond-haired baby is sitting on the floor playing with toys while looking at a black and white cat simply means baby and the cat are in the same room,3,1,The baby and the cat are in the same room because they are sitting on the floor playing with toys while looking at a black and white cat.,2,1,neutral: Just because a baby is sitting on the floor playing with toys while looking at a black and white cat does not mean they are in the same room.,1,0,0.106414069,0.79245283,0.666666667,0.754716981,0.117001518,0.777777778,0.653846154,0.740740741,TRUE," predicted: entailment, target: entailment",0.183142072,0.68,0.625,0.652173913,0.084089729,0.576923077,0.4,0.538461538,FALSE," predicted: neutral, target: entailment",
4694,8770,"A young woman cooks a meal in a wok while conversing with another woman, as an illuminated shrine to Mr. T looks on.",A young chef teaches her sister how to prepare a recipe.,neutral,"Just because a young woman cooks a meal in a wok while conversing with another woman, as an illuminated shrine to Mr. T looks on does not indicate that a young chef teaches her sister how to prepare a recipe.",4,1,"neutral: A young woman cooks a meal in a wok while conversing with another woman, as an illuminated shrine to Mr. T looks on does not indicate that a young chef teaches her sister how to prepare a recipe.",4,1,"A young woman cooks a meal in a wok while conversing with another woman, as an illuminated shrine to Mr. T looks on does not necessary that a young chef teaches her sister how to prepare a recipe.",3,1,"neutral: Just because a young woman cooks a meal in a wok while conversing with another woman, as an illuminated shrine to Mr. T looks on does not indicate that she teaches her sister how to prepare a recipe.",3,1,0.122627297,0.597701149,0.4,0.505747126,0.088690275,0.558139535,0.357142857,0.465116279,TRUE," predicted: neutral, target: neutral",0.085387602,0.564705882,0.361445783,0.470588235,0.12218586,0.558139535,0.404761905,0.534883721,TRUE," predicted: neutral, target: neutral",
9534,8827,"Two men, wearing identical shirts look into a classic car hood.",Two people are sitting on the side of the road.,contradiction,Two men cannot look into a classic car hood and be sitting on the side of the road at the same time.,5,1,contradiction: Two men cannot look into a classic car hood and be sitting on the side of the road at the same time.,5,1,Two men cannot look into a classic car hood and be sitting on the side of the road at the same time.,5,1,contradiction: The two men cannot look into a classic car hood and be sitting on the side of the road at the same time.,5,1,0.358918266,0.829268293,0.769230769,0.829268293,0.344709302,0.80952381,0.75,0.80952381,TRUE," predicted: contradiction, target: contradiction",0.358918266,0.829268293,0.769230769,0.829268293,0.32929808,0.790697674,0.731707317,0.790697674,TRUE," predicted: contradiction, target: contradiction",
7568,9295,Smilling and laughing baby in a walker with fire engine airplane mobile and other toys on the floor,Many toys strewn about on the floor.,entailment,Smilling and laughing baby in a walker with fire engine airplane mobile and other toys on the floor simply means many toys strewn about on the floor,3,1,entailment: Smilling and laughing baby in a walker with fire engine airplane mobile and other toys on the floor simply means many toys strewn about on the floor,3,1,Smilling and laughing baby in a walker with fire engine airplane mobile and other toys on the floor simply means many toys strewn about on the floor,3,1,entailment: A baby with fire engine airplane mobile and other toys on the floor is a rephrasing of many toys strewn about on the floor.,2,0,0.141409113,0.511627907,0.390243902,0.511627907,0.173208814,0.5,0.380952381,0.5,TRUE," predicted: entailment, target: entailment",0.141409113,0.511627907,0.390243902,0.511627907,0.146193106,0.536585366,0.41025641,0.536585366,TRUE," predicted: entailment, target: entailment",
2001,9488,Three children in a black dog kennel.,There are dogs in the kennel.,contradiction,There can either be three children in a dog kennel or dogs in the kennel.,3,1,entailment: There are dogs in the kennel is a rephrasing of three children in a black dog kennel.,1,0,There can either be three children or dogs in the kennel.,3,1,entailment: There are three children in a dog kennel so there are dogs in the kennel.,1,0,0.037321718,0.518518519,0.32,0.5,0.044010186,0.6,0.214285714,0.4,FALSE," predicted: entailment, target: contradiction",0.05373433,0.52173913,0.285714286,0.434782609,0.03174506,0.5,0.307692308,0.484848485,FALSE," predicted: entailment, target: contradiction",
4557,9575,Man balding with a mustache and semi beard standing wearing a psychedelic button shirt playing the guitar as he sings.,The man knows how to play the guitar.,entailment,"If a man is playing the guitar, he knows how to play the guitar.",5,1,entailment: The man knows how to play the guitar is a rephrasing of man balding with a mustache and semi beard standing wearing a psychedelic button shirt playing the guitar as he sings.,1,0,The man knows how to play the guitar is a rephrasing of man balding with a mustache and semi beard standing wearing a psychedelic button shirt playing the guitar as he sings.,1,0,entailment: The man knows how to play the guitar is a rephrasing of man balding with a mustache and semi beard standing wearing a psychedelic button shirt playing the guitar as he sings.,1,0,0.224521843,0.896551724,0.814814815,0.666666667,0.086344847,0.583333333,0.347826087,0.5,TRUE," predicted: entailment, target: entailment",0.09140391,0.595744681,0.355555556,0.510638298,0.086344847,0.583333333,0.347826087,0.5,TRUE," predicted: entailment, target: entailment",
4476,9656,An African-American male youth is riding a green bicycle while other people are looking at pictures on a board.,A boy is walking on a sidewalk in his neighborhood.,contradiction,One cannot be riding a bicycle and walking at the same time.,5,1,contradiction: The boy cannot be riding a bicycle and walking at the same time.,5,1,The boy cannot be riding a bicycle and walking on a sidewalk at the same time.,5,1,contradiction: One cannot be riding a bicycle and walking at the same time.,5,1,0.077926008,0.692307692,0.416666667,0.538461538,0.084851232,0.714285714,0.384615385,0.571428571,TRUE," predicted: contradiction, target: contradiction",0.186422604,0.866666667,0.571428571,0.733333333,0.052102833,0.666666667,0.4,0.518518519,TRUE," predicted: contradiction, target: contradiction",
4384,9714,Girl wearing white shirt sings on stage while playing guitar,A girl plays guitar and sings for a crowd.,neutral,Just because a girl sings on stage while playing guitar doesn't mean she is singing for a crowd.,5,1,neutral: Just because a girl sings on stage while playing guitar doesn't mean she is singing for a crowd.,5,1,Just because a girl sings on stage while playing guitar doesn't mean she is singing for a crowd.,5,1,neutral: Just because a girl sings on stage while playing guitar doesn't mean she is singing for a crowd.,5,1,0.083210418,0.628571429,0.275862069,0.516129032,0.08322387,0.611111111,0.266666667,0.5,TRUE," predicted: neutral, target: neutral",0.083210418,0.628571429,0.275862069,0.516129032,0.08322387,0.611111111,0.266666667,0.5,TRUE," predicted: neutral, target: neutral",